<?xml version="1.0" encoding="utf-8"?>
<!--/812944/222442/2.47/5/4/Connector/-->
<quadcept_library>
  <setting unit="mil" />
  <textstyle name="Default" height="47.244094488189" strokewidth="7.8740157480315" charwidth="47.244094488189" />
  <textstyle name="Dimension" height="19.6850393700787" strokewidth="0" charwidth="19.6850393700787" />
  <textstyle name="H127W0635TH00762" height="50" strokewidth="3" charwidth="25" />
  <textstyle name="H15W15TH02" height="59.0551181102362" strokewidth="7.8740157480315" charwidth="59.0551181102362" />
  <padstyle name="r200_102" surface="True" plated="False" isvia="False" nopaste="False" nomask="True" complex="False" holesize="0">
    <padshape layer="TOP" shape="rectangle" width="40.15748031496" height="78.740157480314" />
    <padshape layer="TOP_SOLDER_PASTE" shape="rectangle" width="40.15748031496" height="78.740157480314" />
  </padstyle>
  <footprint name="M207910542R" originx="0" originy="0" pickpointx="0" pickpointy="0">
    <pcbpin number="1" name="1" style="r200_102" originx="-200" originy="-206.69291338582" rotation="0" />
    <pcbpin number="2" name="2" style="r200_102" originx="-99.999999999999" originy="-206.69291338582" rotation="0" />
    <pcbpin number="3" name="3" style="r200_102" originx="0" originy="-206.69291338582" rotation="0" />
    <pcbpin number="4" name="4" style="r200_102" originx="99.999999999999" originy="-206.69291338582" rotation="0" />
    <pcbpin number="5" name="5" style="r200_102" originx="200" originy="-206.69291338582" rotation="0" />
    <line layer="TOP_ASSEMBLY" originx="-250" originy="246.06299212598" endx="250" endy="246.06299212598" width="7.8740157480314" />
    <line layer="TOP_ASSEMBLY" originx="250" originy="246.06299212598" endx="250" endy="-88.582677165353" width="7.8740157480314" />
    <line layer="TOP_ASSEMBLY" originx="250" originy="-88.582677165353" endx="-250" endy="-88.582677165353" width="7.8740157480314" />
    <line layer="TOP_ASSEMBLY" originx="-250" originy="-88.582677165353" endx="-250" endy="246.06299212598" width="7.8740157480314" />
    <line layer="TOP_SILKSCREEN" originx="-250" originy="246.06299212598" endx="250" endy="246.06299212598" width="3.9370078740157" />
    <line layer="TOP_SILKSCREEN" originx="250" originy="246.06299212598" endx="250" endy="-88.582677165353" width="3.9370078740157" />
    <line layer="TOP_SILKSCREEN" originx="250" originy="-88.582677165353" endx="-250" endy="-88.582677165353" width="3.9370078740157" />
    <line layer="TOP_SILKSCREEN" originx="-250" originy="-88.582677165353" endx="-250" endy="246.06299212598" width="3.9370078740157" />
    <line layer="TOP_PLACE_BOUND" originx="-289.37007874015" originy="285.43307086614" endx="289.37007874015" endy="285.43307086614" width="3.9370078740157" />
    <line layer="TOP_PLACE_BOUND" originx="289.37007874015" originy="285.43307086614" endx="289.37007874015" endy="-285.43307086614" width="3.9370078740157" />
    <line layer="TOP_PLACE_BOUND" originx="289.37007874015" originy="-285.43307086614" endx="-289.37007874015" endy="-285.43307086614" width="3.9370078740157" />
    <line layer="TOP_PLACE_BOUND" originx="-289.37007874015" originy="-285.43307086614" endx="-289.37007874015" endy="285.43307086614" width="3.9370078740157" />
  </footprint>
  <symbol name="M20-7910542R" originx="0" originy="0">
    <line originx="200" originy="100" endx="600" endy="100" width="10" />
    <line originx="600" originy="-500" endx="600" endy="100" width="10" />
    <line originx="600" originy="-500" endx="200" endy="-500" width="10" />
    <line originx="200" originy="100" endx="200" endy="-500" width="10" />
    <sympin number="1" originx="200" originy="0" rotation="180" length="100" width="7.8740157480315" flipped="False">
      <text name="pinname" originx="230" originy="0" style="Default" rotation="0" justify="left" flipped="False" hidden="False" data="1" />
      <text name="pindes" originx="140" originy="20" style="Default" rotation="0" justify="lowerright" flipped="False" hidden="False" data="1" />
    </sympin>
    <sympin number="2" originx="200" originy="-100" rotation="180" length="100" width="7.8740157480315" flipped="False">
      <text name="pinname" originx="230" originy="-100" style="Default" rotation="0" justify="left" flipped="False" hidden="False" data="2" />
      <text name="pindes" originx="140" originy="-80" style="Default" rotation="0" justify="lowerright" flipped="False" hidden="False" data="2" />
    </sympin>
    <sympin number="3" originx="200" originy="-200" rotation="180" length="100" width="7.8740157480315" flipped="False">
      <text name="pinname" originx="230" originy="-200" style="Default" rotation="0" justify="left" flipped="False" hidden="False" data="3" />
      <text name="pindes" originx="140" originy="-180" style="Default" rotation="0" justify="lowerright" flipped="False" hidden="False" data="3" />
    </sympin>
    <sympin number="4" originx="200" originy="-300" rotation="180" length="100" width="7.8740157480315" flipped="False">
      <text name="pinname" originx="230" originy="-300" style="Default" rotation="0" justify="left" flipped="False" hidden="False" data="4" />
      <text name="pindes" originx="140" originy="-280" style="Default" rotation="0" justify="lowerright" flipped="False" hidden="False" data="4" />
    </sympin>
    <sympin number="5" originx="200" originy="-400" rotation="180" length="100" width="7.8740157480315" flipped="False">
      <text name="pinname" originx="230" originy="-400" style="Default" rotation="0" justify="left" flipped="False" hidden="False" data="5" />
      <text name="pindes" originx="140" originy="-380" style="Default" rotation="0" justify="lowerright" flipped="False" hidden="False" data="5" />
    </sympin>
  </symbol>
  <component name="M20-7910542R" designatorprefix="J" height="104.33070866142" footprint="M207910542R">
    <comppin designator="1" sympin="1" pinswap="0" gateswap="0" gate="1" group="1" side="" type="Any" name="1" />
    <comppin designator="2" sympin="2" pinswap="0" gateswap="0" gate="1" group="1" side="" type="Any" name="2" />
    <comppin designator="3" sympin="3" pinswap="0" gateswap="0" gate="1" group="1" side="" type="Any" name="3" />
    <comppin designator="4" sympin="4" pinswap="0" gateswap="0" gate="1" group="1" side="" type="Any" name="4" />
    <comppin designator="5" sympin="5" pinswap="0" gateswap="0" gate="1" group="1" side="" type="Any" name="5" />
    <attached_symbol gate="1" name="M20-7910542R" />
    <pinmap designator="1" footprintpin="1" />
    <pinmap designator="2" footprintpin="2" />
    <pinmap designator="3" footprintpin="3" />
    <pinmap designator="4" footprintpin="4" />
    <pinmap designator="5" footprintpin="5" />
    <text name="Datasheet" originx="0" originy="0" style="Default" rotation="0" justify="" flipped="False" hidden="True" data="https://cdn.harwin.com/pdfs/M20-791R.pdf" />
    <text name="Description" originx="0" originy="0" style="Default" rotation="0" justify="" flipped="False" hidden="True" data="Headers &amp; Wire Housings 5 WAY SIL HORIZ SMT SKT T&amp;R" />
    <text name="Mouser Part Number" originx="0" originy="0" style="Default" rotation="0" justify="" flipped="False" hidden="True" data="855-M20-7910542R" />
    <text name="Mouser Price/Stock" originx="0" originy="0" style="Default" rotation="0" justify="" flipped="False" hidden="True" data="https://www.mouser.co.uk/ProductDetail/Harwin/M20-7910542R?qs=k41KVqW3ymo1Rw%252BkrmwYbQ%3D%3D" />
    <text name="Manufacturer_Name" originx="0" originy="0" style="Default" rotation="0" justify="" flipped="False" hidden="True" data="Harwin" />
    <text name="Manufacturer_Part_Number" originx="650" originy="200" style="Default" rotation="0" justify="left" flipped="False" hidden="False" data="M20-7910542R" />
  </component>
</quadcept_library>
