<?xml version="1.0" encoding="utf-8"?>
<!--/523740/222442/2.47/25/3/Integrated Circuit/-->
<quadcept_library>
  <setting unit="mil" />
  <textstyle name="Default" height="47.244094488189" strokewidth="7.8740157480315" charwidth="47.244094488189" />
  <textstyle name="Dimension" height="19.6850393700787" strokewidth="0" charwidth="19.6850393700787" />
  <textstyle name="H127W0635TH00762" height="50" strokewidth="3" charwidth="25" />
  <textstyle name="H15W15TH02" height="59.0551181102362" strokewidth="7.8740157480315" charwidth="59.0551181102362" />
  <padstyle name="r80_30" surface="True" plated="False" isvia="False" nopaste="False" nomask="True" complex="False" holesize="0">
    <padshape layer="TOP" shape="rectangle" width="11.811023622047" height="31.496062992126" />
    <padshape layer="TOP_SOLDER_PASTE" shape="rectangle" width="11.811023622047" height="31.496062992126" />
  </padstyle>
  <padstyle name="r275_265" surface="True" plated="False" isvia="False" nopaste="False" nomask="True" complex="False" holesize="0">
    <padshape layer="TOP" shape="rectangle" width="104.33070866142" height="108.26771653543" />
    <padshape layer="TOP_SOLDER_PASTE" shape="rectangle" width="104.33070866142" height="108.26771653543" />
  </padstyle>
  <footprint name="QFN50P400X400X95-25N" originx="0" originy="0" pickpointx="0" pickpointy="0">
    <pcbpin number="1" name="1" style="r80_30" originx="-76.771653543306" originy="49.212598425196" rotation="90" />
    <pcbpin number="2" name="2" style="r80_30" originx="-76.771653543306" originy="29.527559055118" rotation="90" />
    <pcbpin number="3" name="3" style="r80_30" originx="-76.771653543306" originy="9.8425196850392" rotation="90" />
    <pcbpin number="4" name="4" style="r80_30" originx="-76.771653543306" originy="-9.8425196850392" rotation="90" />
    <pcbpin number="5" name="5" style="r80_30" originx="-76.771653543306" originy="-29.527559055118" rotation="90" />
    <pcbpin number="6" name="6" style="r80_30" originx="-76.771653543306" originy="-49.212598425196" rotation="90" />
    <pcbpin number="7" name="7" style="r80_30" originx="-49.212598425196" originy="-76.771653543306" rotation="0" />
    <pcbpin number="8" name="8" style="r80_30" originx="-29.527559055118" originy="-76.771653543306" rotation="0" />
    <pcbpin number="9" name="9" style="r80_30" originx="-9.8425196850392" originy="-76.771653543306" rotation="0" />
    <pcbpin number="10" name="10" style="r80_30" originx="9.8425196850392" originy="-76.771653543306" rotation="0" />
    <pcbpin number="11" name="11" style="r80_30" originx="29.527559055118" originy="-76.771653543306" rotation="0" />
    <pcbpin number="12" name="12" style="r80_30" originx="49.212598425196" originy="-76.771653543306" rotation="0" />
    <pcbpin number="13" name="13" style="r80_30" originx="76.771653543306" originy="-49.212598425196" rotation="90" />
    <pcbpin number="14" name="14" style="r80_30" originx="76.771653543306" originy="-29.527559055118" rotation="90" />
    <pcbpin number="15" name="15" style="r80_30" originx="76.771653543306" originy="-9.8425196850392" rotation="90" />
    <pcbpin number="16" name="16" style="r80_30" originx="76.771653543306" originy="9.8425196850392" rotation="90" />
    <pcbpin number="17" name="17" style="r80_30" originx="76.771653543306" originy="29.527559055118" rotation="90" />
    <pcbpin number="18" name="18" style="r80_30" originx="76.771653543306" originy="49.212598425196" rotation="90" />
    <pcbpin number="19" name="19" style="r80_30" originx="49.212598425196" originy="76.771653543306" rotation="0" />
    <pcbpin number="20" name="20" style="r80_30" originx="29.527559055118" originy="76.771653543306" rotation="0" />
    <pcbpin number="21" name="21" style="r80_30" originx="9.8425196850392" originy="76.771653543306" rotation="0" />
    <pcbpin number="22" name="22" style="r80_30" originx="-9.8425196850392" originy="76.771653543306" rotation="0" />
    <pcbpin number="23" name="23" style="r80_30" originx="-29.527559055118" originy="76.771653543306" rotation="0" />
    <pcbpin number="24" name="24" style="r80_30" originx="-49.212598425196" originy="76.771653543306" rotation="0" />
    <pcbpin number="25" name="25" style="r275_265" originx="0" originy="0" rotation="0" />
    <line layer="TOP_PLACE_BOUND" originx="-102.36220472441" originy="102.36220472441" endx="102.36220472441" endy="102.36220472441" width="1.9685039370079" />
    <line layer="TOP_PLACE_BOUND" originx="102.36220472441" originy="102.36220472441" endx="102.36220472441" endy="-102.36220472441" width="1.9685039370079" />
    <line layer="TOP_PLACE_BOUND" originx="102.36220472441" originy="-102.36220472441" endx="-102.36220472441" endy="-102.36220472441" width="1.9685039370079" />
    <line layer="TOP_PLACE_BOUND" originx="-102.36220472441" originy="-102.36220472441" endx="-102.36220472441" endy="102.36220472441" width="1.9685039370079" />
    <line layer="TOP_ASSEMBLY" originx="-78.740157480314" originy="78.740157480314" endx="78.740157480314" endy="78.740157480314" width="3.9370078740157" />
    <line layer="TOP_ASSEMBLY" originx="78.740157480314" originy="78.740157480314" endx="78.740157480314" endy="-78.740157480314" width="3.9370078740157" />
    <line layer="TOP_ASSEMBLY" originx="78.740157480314" originy="-78.740157480314" endx="-78.740157480314" endy="-78.740157480314" width="3.9370078740157" />
    <line layer="TOP_ASSEMBLY" originx="-78.740157480314" originy="-78.740157480314" endx="-78.740157480314" endy="78.740157480314" width="3.9370078740157" />
    <line layer="TOP_ASSEMBLY" originx="-78.740157480314" originy="59.055118110235" endx="-59.055118110235" endy="78.740157480314" width="3.9370078740157" />
    <arc layer="TOP_SILKSCREEN" originx="-92.519685039369" originy="78.740157480314" startangle="180" sweepangle="180" radius="4.9212598425196" width="9.8425196850392" />
    <arc layer="TOP_SILKSCREEN" originx="-92.519685039369" originy="78.740157480314" startangle="180" sweepangle="-180" radius="4.9212598425196" width="9.8425196850392" />
  </footprint>
  <symbol name="MPU-6050" originx="0" originy="0">
    <line originx="200" originy="800" endx="1000" endy="800" width="10" />
    <line originx="1000" originy="-1000" endx="1000" endy="800" width="10" />
    <line originx="1000" originy="-1000" endx="200" endy="-1000" width="10" />
    <line originx="200" originy="800" endx="200" endy="-1000" width="10" />
    <sympin number="1" originx="200" originy="0" rotation="180" length="100" width="7.8740157480315" flipped="False">
      <text name="pinname" originx="0" originy="0" style="Default" rotation="0" justify="left" flipped="False" hidden="False" data="CLKIN" />
      <text name="pindes" originx="0" originy="0" style="Default" rotation="0" justify="lowerright" flipped="False" hidden="False" data="1" />
    </sympin>
    <sympin number="2" originx="200" originy="-100" rotation="180" length="100" width="7.8740157480315" flipped="False">
      <text name="pinname" originx="0" originy="0" style="Default" rotation="0" justify="left" flipped="False" hidden="False" data="NC_1" />
      <text name="pindes" originx="0" originy="0" style="Default" rotation="0" justify="lowerright" flipped="False" hidden="False" data="2" />
    </sympin>
    <sympin number="3" originx="200" originy="-200" rotation="180" length="100" width="7.8740157480315" flipped="False">
      <text name="pinname" originx="0" originy="0" style="Default" rotation="0" justify="left" flipped="False" hidden="False" data="NC_2" />
      <text name="pindes" originx="0" originy="0" style="Default" rotation="0" justify="lowerright" flipped="False" hidden="False" data="3" />
    </sympin>
    <sympin number="4" originx="200" originy="-300" rotation="180" length="100" width="7.8740157480315" flipped="False">
      <text name="pinname" originx="0" originy="0" style="Default" rotation="0" justify="left" flipped="False" hidden="False" data="NC_3" />
      <text name="pindes" originx="0" originy="0" style="Default" rotation="0" justify="lowerright" flipped="False" hidden="False" data="4" />
    </sympin>
    <sympin number="5" originx="200" originy="-400" rotation="180" length="100" width="7.8740157480315" flipped="False">
      <text name="pinname" originx="0" originy="0" style="Default" rotation="0" justify="left" flipped="False" hidden="False" data="NC_4" />
      <text name="pindes" originx="0" originy="0" style="Default" rotation="0" justify="lowerright" flipped="False" hidden="False" data="5" />
    </sympin>
    <sympin number="6" originx="200" originy="-500" rotation="180" length="100" width="7.8740157480315" flipped="False">
      <text name="pinname" originx="0" originy="0" style="Default" rotation="0" justify="left" flipped="False" hidden="False" data="AUX_DA" />
      <text name="pindes" originx="0" originy="0" style="Default" rotation="0" justify="lowerright" flipped="False" hidden="False" data="6" />
    </sympin>
    <sympin number="7" originx="300" originy="-1000" rotation="270" length="100" width="7.8740157480315" flipped="False">
      <text name="pinname" originx="0" originy="0" style="Default" rotation="0" justify="left" flipped="False" hidden="False" data="AUX_CL" />
      <text name="pindes" originx="0" originy="0" style="Default" rotation="0" justify="lowerright" flipped="False" hidden="False" data="7" />
    </sympin>
    <sympin number="8" originx="400" originy="-1000" rotation="270" length="100" width="7.8740157480315" flipped="False">
      <text name="pinname" originx="0" originy="0" style="Default" rotation="0" justify="left" flipped="False" hidden="False" data="VLOGIC" />
      <text name="pindes" originx="0" originy="0" style="Default" rotation="0" justify="lowerright" flipped="False" hidden="False" data="8" />
    </sympin>
    <sympin number="9" originx="500" originy="-1000" rotation="270" length="100" width="7.8740157480315" flipped="False">
      <text name="pinname" originx="0" originy="0" style="Default" rotation="0" justify="left" flipped="False" hidden="False" data="AD0" />
      <text name="pindes" originx="0" originy="0" style="Default" rotation="0" justify="lowerright" flipped="False" hidden="False" data="9" />
    </sympin>
    <sympin number="10" originx="600" originy="-1000" rotation="270" length="100" width="7.8740157480315" flipped="False">
      <text name="pinname" originx="0" originy="0" style="Default" rotation="0" justify="left" flipped="False" hidden="False" data="REGOUT" />
      <text name="pindes" originx="0" originy="0" style="Default" rotation="0" justify="lowerright" flipped="False" hidden="False" data="10" />
    </sympin>
    <sympin number="11" originx="700" originy="-1000" rotation="270" length="100" width="7.8740157480315" flipped="False">
      <text name="pinname" originx="0" originy="0" style="Default" rotation="0" justify="left" flipped="False" hidden="False" data="FSYNC" />
      <text name="pindes" originx="0" originy="0" style="Default" rotation="0" justify="lowerright" flipped="False" hidden="False" data="11" />
    </sympin>
    <sympin number="12" originx="800" originy="-1000" rotation="270" length="100" width="7.8740157480315" flipped="False">
      <text name="pinname" originx="0" originy="0" style="Default" rotation="0" justify="left" flipped="False" hidden="False" data="INT" />
      <text name="pindes" originx="0" originy="0" style="Default" rotation="0" justify="lowerright" flipped="False" hidden="False" data="12" />
    </sympin>
    <sympin number="18" originx="1000" originy="0" rotation="0" length="100" width="7.8740157480315" flipped="False">
      <text name="pinname" originx="0" originy="0" style="Default" rotation="0" justify="left" flipped="False" hidden="False" data="GND" />
      <text name="pindes" originx="0" originy="0" style="Default" rotation="0" justify="lowerright" flipped="False" hidden="False" data="18" />
    </sympin>
    <sympin number="17" originx="1000" originy="-100" rotation="0" length="100" width="7.8740157480315" flipped="False">
      <text name="pinname" originx="0" originy="0" style="Default" rotation="0" justify="left" flipped="False" hidden="False" data="NC_8" />
      <text name="pindes" originx="0" originy="0" style="Default" rotation="0" justify="lowerright" flipped="False" hidden="False" data="17" />
    </sympin>
    <sympin number="16" originx="1000" originy="-200" rotation="0" length="100" width="7.8740157480315" flipped="False">
      <text name="pinname" originx="0" originy="0" style="Default" rotation="0" justify="left" flipped="False" hidden="False" data="NC_7" />
      <text name="pindes" originx="0" originy="0" style="Default" rotation="0" justify="lowerright" flipped="False" hidden="False" data="16" />
    </sympin>
    <sympin number="15" originx="1000" originy="-300" rotation="0" length="100" width="7.8740157480315" flipped="False">
      <text name="pinname" originx="0" originy="0" style="Default" rotation="0" justify="left" flipped="False" hidden="False" data="NC_6" />
      <text name="pindes" originx="0" originy="0" style="Default" rotation="0" justify="lowerright" flipped="False" hidden="False" data="15" />
    </sympin>
    <sympin number="14" originx="1000" originy="-400" rotation="0" length="100" width="7.8740157480315" flipped="False">
      <text name="pinname" originx="0" originy="0" style="Default" rotation="0" justify="left" flipped="False" hidden="False" data="NC_5" />
      <text name="pindes" originx="0" originy="0" style="Default" rotation="0" justify="lowerright" flipped="False" hidden="False" data="14" />
    </sympin>
    <sympin number="13" originx="1000" originy="-500" rotation="0" length="100" width="7.8740157480315" flipped="False">
      <text name="pinname" originx="0" originy="0" style="Default" rotation="0" justify="left" flipped="False" hidden="False" data="VDD" />
      <text name="pindes" originx="0" originy="0" style="Default" rotation="0" justify="lowerright" flipped="False" hidden="False" data="13" />
    </sympin>
    <sympin number="25" originx="300" originy="800" rotation="90" length="100" width="7.8740157480315" flipped="False">
      <text name="pinname" originx="0" originy="0" style="Default" rotation="0" justify="left" flipped="False" hidden="False" data="THERMAL_PAD" />
      <text name="pindes" originx="0" originy="0" style="Default" rotation="0" justify="lowerright" flipped="False" hidden="False" data="25" />
    </sympin>
    <sympin number="24" originx="400" originy="800" rotation="90" length="100" width="7.8740157480315" flipped="False">
      <text name="pinname" originx="0" originy="0" style="Default" rotation="0" justify="left" flipped="False" hidden="False" data="SDA" />
      <text name="pindes" originx="0" originy="0" style="Default" rotation="0" justify="lowerright" flipped="False" hidden="False" data="24" />
    </sympin>
    <sympin number="23" originx="500" originy="800" rotation="90" length="100" width="7.8740157480315" flipped="False">
      <text name="pinname" originx="0" originy="0" style="Default" rotation="0" justify="left" flipped="False" hidden="False" data="SCL" />
      <text name="pindes" originx="0" originy="0" style="Default" rotation="0" justify="lowerright" flipped="False" hidden="False" data="23" />
    </sympin>
    <sympin number="22" originx="600" originy="800" rotation="90" length="100" width="7.8740157480315" flipped="False">
      <text name="pinname" originx="0" originy="0" style="Default" rotation="0" justify="left" flipped="False" hidden="False" data="RESV_3" />
      <text name="pindes" originx="0" originy="0" style="Default" rotation="0" justify="lowerright" flipped="False" hidden="False" data="22" />
    </sympin>
    <sympin number="21" originx="700" originy="800" rotation="90" length="100" width="7.8740157480315" flipped="False">
      <text name="pinname" originx="0" originy="0" style="Default" rotation="0" justify="left" flipped="False" hidden="False" data="RESV_2" />
      <text name="pindes" originx="0" originy="0" style="Default" rotation="0" justify="lowerright" flipped="False" hidden="False" data="21" />
    </sympin>
    <sympin number="20" originx="800" originy="800" rotation="90" length="100" width="7.8740157480315" flipped="False">
      <text name="pinname" originx="0" originy="0" style="Default" rotation="0" justify="left" flipped="False" hidden="False" data="CPOUT" />
      <text name="pindes" originx="0" originy="0" style="Default" rotation="0" justify="lowerright" flipped="False" hidden="False" data="20" />
    </sympin>
    <sympin number="19" originx="900" originy="800" rotation="90" length="100" width="7.8740157480315" flipped="False">
      <text name="pinname" originx="0" originy="0" style="Default" rotation="0" justify="left" flipped="False" hidden="False" data="RESV_1" />
      <text name="pindes" originx="0" originy="0" style="Default" rotation="0" justify="lowerright" flipped="False" hidden="False" data="19" />
    </sympin>
  </symbol>
  <component name="MPU-6050" designatorprefix="IC" height="37.401574803149" footprint="QFN50P400X400X95-25N">
    <comppin designator="1" sympin="1" pinswap="0" gateswap="0" gate="1" group="1" side="" type="Any" name="CLKIN" />
    <comppin designator="2" sympin="2" pinswap="0" gateswap="0" gate="1" group="1" side="" type="Any" name="NC_1" />
    <comppin designator="3" sympin="3" pinswap="0" gateswap="0" gate="1" group="1" side="" type="Any" name="NC_2" />
    <comppin designator="4" sympin="4" pinswap="0" gateswap="0" gate="1" group="1" side="" type="Any" name="NC_3" />
    <comppin designator="5" sympin="5" pinswap="0" gateswap="0" gate="1" group="1" side="" type="Any" name="NC_4" />
    <comppin designator="6" sympin="6" pinswap="0" gateswap="0" gate="1" group="1" side="" type="Any" name="AUX_DA" />
    <comppin designator="7" sympin="7" pinswap="0" gateswap="0" gate="1" group="1" side="" type="Any" name="AUX_CL" />
    <comppin designator="8" sympin="8" pinswap="0" gateswap="0" gate="1" group="1" side="" type="Any" name="VLOGIC" />
    <comppin designator="9" sympin="9" pinswap="0" gateswap="0" gate="1" group="1" side="" type="Any" name="AD0" />
    <comppin designator="10" sympin="10" pinswap="0" gateswap="0" gate="1" group="1" side="" type="Any" name="REGOUT" />
    <comppin designator="11" sympin="11" pinswap="0" gateswap="0" gate="1" group="1" side="" type="Any" name="FSYNC" />
    <comppin designator="12" sympin="12" pinswap="0" gateswap="0" gate="1" group="1" side="" type="Any" name="INT" />
    <comppin designator="13" sympin="18" pinswap="0" gateswap="0" gate="1" group="1" side="" type="Any" name="VDD" />
    <comppin designator="14" sympin="17" pinswap="0" gateswap="0" gate="1" group="1" side="" type="Any" name="NC_5" />
    <comppin designator="15" sympin="16" pinswap="0" gateswap="0" gate="1" group="1" side="" type="Any" name="NC_6" />
    <comppin designator="16" sympin="15" pinswap="0" gateswap="0" gate="1" group="1" side="" type="Any" name="NC_7" />
    <comppin designator="17" sympin="14" pinswap="0" gateswap="0" gate="1" group="1" side="" type="Any" name="NC_8" />
    <comppin designator="18" sympin="13" pinswap="0" gateswap="0" gate="1" group="1" side="" type="Any" name="GND" />
    <comppin designator="19" sympin="25" pinswap="0" gateswap="0" gate="1" group="1" side="" type="Any" name="RESV_1" />
    <comppin designator="20" sympin="24" pinswap="0" gateswap="0" gate="1" group="1" side="" type="Any" name="CPOUT" />
    <comppin designator="21" sympin="23" pinswap="0" gateswap="0" gate="1" group="1" side="" type="Any" name="RESV_2" />
    <comppin designator="22" sympin="22" pinswap="0" gateswap="0" gate="1" group="1" side="" type="Any" name="RESV_3" />
    <comppin designator="23" sympin="21" pinswap="0" gateswap="0" gate="1" group="1" side="" type="Any" name="SCL" />
    <comppin designator="24" sympin="20" pinswap="0" gateswap="0" gate="1" group="1" side="" type="Any" name="SDA" />
    <comppin designator="25" sympin="19" pinswap="0" gateswap="0" gate="1" group="1" side="" type="Any" name="THERMAL_PAD" />
    <attached_symbol gate="1" name="MPU-6050" />
    <pinmap designator="1" footprintpin="1" />
    <pinmap designator="2" footprintpin="2" />
    <pinmap designator="3" footprintpin="3" />
    <pinmap designator="4" footprintpin="4" />
    <pinmap designator="5" footprintpin="5" />
    <pinmap designator="6" footprintpin="6" />
    <pinmap designator="7" footprintpin="7" />
    <pinmap designator="8" footprintpin="8" />
    <pinmap designator="9" footprintpin="9" />
    <pinmap designator="10" footprintpin="10" />
    <pinmap designator="11" footprintpin="11" />
    <pinmap designator="12" footprintpin="12" />
    <pinmap designator="13" footprintpin="13" />
    <pinmap designator="14" footprintpin="14" />
    <pinmap designator="15" footprintpin="15" />
    <pinmap designator="16" footprintpin="16" />
    <pinmap designator="17" footprintpin="17" />
    <pinmap designator="18" footprintpin="18" />
    <pinmap designator="19" footprintpin="19" />
    <pinmap designator="20" footprintpin="20" />
    <pinmap designator="21" footprintpin="21" />
    <pinmap designator="22" footprintpin="22" />
    <pinmap designator="23" footprintpin="23" />
    <pinmap designator="24" footprintpin="24" />
    <pinmap designator="25" footprintpin="25" />
    <text name="Datasheet" originx="0" originy="0" style="Default" rotation="0" justify="" flipped="False" hidden="True" data="https://componentsearchengine.com/Datasheets/1/MPU-6050.pdf" />
    <text name="Description" originx="0" originy="0" style="Default" rotation="0" justify="" flipped="False" hidden="True" data="Gyro &amp; Accelerometer 6 Axis I2C,MEMs InvenSense MPU-6050 6-Axis Motion Sensor Module" />
    <text name="Mouser Part Number" originx="0" originy="0" style="Default" rotation="0" justify="" flipped="False" hidden="True" data="N/A" />
    <text name="Mouser Price/Stock" originx="0" originy="0" style="Default" rotation="0" justify="" flipped="False" hidden="True" data="http://www.mouser.com/Search/ProductDetail.aspx?qs=u4fy%2fsgLU9O14B5JgyQFvg%3d%3d" />
    <text name="Manufacturer_Name" originx="0" originy="0" style="Default" rotation="0" justify="" flipped="False" hidden="True" data="InvenSense Inc." />
    <text name="Manufacturer_Part_Number" originx="1050" originy="900" style="Default" rotation="0" justify="left" flipped="False" hidden="False" data="MPU-6050" />
  </component>
</quadcept_library>
