<?xml version="1.0" encoding="utf-8"?>
<!--/4766871/222442/2.47/2/4/LED/-->
<quadcept_library>
  <setting unit="mil" />
  <textstyle name="Default" height="47.244094488189" strokewidth="7.8740157480315" charwidth="47.244094488189" />
  <textstyle name="Dimension" height="19.6850393700787" strokewidth="0" charwidth="19.6850393700787" />
  <textstyle name="H127W0635TH00762" height="50" strokewidth="3" charwidth="25" />
  <textstyle name="H15W15TH02" height="59.0551181102362" strokewidth="7.8740157480315" charwidth="59.0551181102362" />
  <padstyle name="r70_50" surface="True" plated="False" isvia="False" nopaste="False" nomask="True" complex="False" holesize="0">
    <padshape layer="TOP" shape="rectangle" width="19.685039370078" height="27.55905511811" />
    <padshape layer="TOP_SOLDER_PASTE" shape="rectangle" width="19.685039370078" height="27.55905511811" />
  </padstyle>
  <padstyle name="r105_50" surface="True" plated="False" isvia="False" nopaste="False" nomask="True" complex="False" holesize="0">
    <padshape layer="TOP" shape="rectangle" width="19.685039370078" height="41.338582677165" />
    <padshape layer="TOP_SOLDER_PASTE" shape="rectangle" width="19.685039370078" height="41.338582677165" />
  </padstyle>
  <footprint name="KSDELLS122JHKI1" originx="0" originy="0" pickpointx="0" pickpointy="0">
    <pcbpin number="1" name="1" style="r70_50" originx="-25.433070866141" originy="0" rotation="90" />
    <pcbpin number="2" name="2" style="r105_50" originx="18.503937007874" originy="0" rotation="90" />
    <line layer="TOP_ASSEMBLY" originx="-27.55905511811" originy="11.811023622047" endx="27.55905511811" endy="11.811023622047" width="7.8740157480314" />
    <line layer="TOP_ASSEMBLY" originx="27.55905511811" originy="11.811023622047" endx="27.55905511811" endy="-11.811023622047" width="7.8740157480314" />
    <line layer="TOP_ASSEMBLY" originx="27.55905511811" originy="-11.811023622047" endx="-27.55905511811" endy="-11.811023622047" width="7.8740157480314" />
    <line layer="TOP_ASSEMBLY" originx="-27.55905511811" originy="-11.811023622047" endx="-27.55905511811" endy="11.811023622047" width="7.8740157480314" />
    <line layer="TOP_PLACE_BOUND" originx="-86.141732283464" originy="51.181102362204" endx="78.543307086613" endy="51.181102362204" width="3.9370078740157" />
    <line layer="TOP_PLACE_BOUND" originx="78.543307086613" originy="51.181102362204" endx="78.543307086613" endy="-57.086614173228" width="3.9370078740157" />
    <line layer="TOP_PLACE_BOUND" originx="78.543307086613" originy="-57.086614173228" endx="-86.141732283464" endy="-57.086614173228" width="3.9370078740157" />
    <line layer="TOP_PLACE_BOUND" originx="-86.141732283464" originy="-57.086614173228" endx="-86.141732283464" endy="51.181102362204" width="3.9370078740157" />
    <line layer="TOP_SILKSCREEN" originx="-59.055118110235" originy="0" endx="-59.055118110235" endy="0" width="3.9370078740157" />
    <arc layer="TOP_SILKSCREEN" originx="-61.023622047243" originy="0" startangle=".0" sweepangle="180.0" radius="1.9685039370079" width="3.9370078740157" />
    <line layer="TOP_SILKSCREEN" originx="-62.992125984251" originy="0" endx="-62.992125984251" endy="0" width="3.9370078740157" />
    <arc layer="TOP_SILKSCREEN" originx="-61.023622047243" originy="0" startangle="-180.0" sweepangle="180.0" radius="1.9685039370079" width="3.9370078740157" />
  </footprint>
  <symbol name="KS_DELLS1.22-JHKI-1" originx="0" originy="0">
    <line originx="200" originy="100" endx="200" endy="-100" width="10" />
    <line originx="250" originy="100" endx="150" endy="200" width="10" />
    <line originx="350" originy="100" endx="250" endy="200" width="10" />
    <line originx="100" originy="0" endx="200" endy="0" width="10" />
    <line originx="400" originy="0" endx="500" endy="0" width="10" />
    <sympin number="2" originx="100" originy="0" rotation="180" length="100" width="7.8740157480315" flipped="False">
      <text name="pinname" originx="10" originy="-10" style="Default" rotation="0" justify="upperleft" flipped="False" hidden="True" data="K" />
      <text name="pindes" originx="60" originy="10" style="Default" rotation="0" justify="lowerright" flipped="False" hidden="False" data="2" />
    </sympin>
    <sympin number="1" originx="500" originy="0" rotation="0" length="100" width="7.8740157480315" flipped="False">
      <text name="pinname" originx="590" originy="-10" style="Default" rotation="0" justify="upperright" flipped="False" hidden="True" data="A" />
      <text name="pindes" originx="540" originy="10" style="Default" rotation="0" justify="lowerleft" flipped="False" hidden="False" data="1" />
    </sympin>
    <polygon type="polygon">
      <point x="200" y="0" />
      <point x="400" y="100" />
      <point x="400" y="-100" />
    </polygon>
    <polygon type="polygon">
      <point x="210" y="170" />
      <point x="180" y="140" />
      <point x="150" y="200" />
    </polygon>
    <polygon type="polygon">
      <point x="310" y="170" />
      <point x="280" y="140" />
      <point x="250" y="200" />
    </polygon>
  </symbol>
  <component name="KS_DELLS1.22-JHKI-1" designatorprefix="LED" height="0" footprint="KSDELLS122JHKI1">
    <comppin designator="1" sympin="2" pinswap="0" gateswap="0" gate="1" group="1" side="" type="Any" name="A" />
    <comppin designator="2" sympin="1" pinswap="0" gateswap="0" gate="1" group="1" side="" type="Any" name="K" />
    <attached_symbol gate="1" name="KS_DELLS1.22-JHKI-1" />
    <pinmap designator="1" footprintpin="1" />
    <pinmap designator="2" footprintpin="2" />
    <text name="Datasheet" originx="0" originy="0" style="Default" rotation="0" justify="" flipped="False" hidden="True" data="" />
    <text name="Description" originx="0" originy="0" style="Default" rotation="0" justify="" flipped="False" hidden="True" data="Standard LEDs - SMD Super Red TOPLED E 1608" />
    <text name="Mouser Part Number" originx="0" originy="0" style="Default" rotation="0" justify="" flipped="False" hidden="True" data="720-KSDELLS122A4852" />
    <text name="Mouser Price/Stock" originx="0" originy="0" style="Default" rotation="0" justify="" flipped="False" hidden="True" data="https://www.mouser.co.uk/ProductDetail/OSRAM-Opto-Semiconductors/KS-DELLS122-JHKI-1?qs=XeJtXLiO41SvlpLmj7zjqg%3D%3D" />
    <text name="Manufacturer_Name" originx="0" originy="0" style="Default" rotation="0" justify="" flipped="False" hidden="True" data="OSRAM" />
    <text name="Manufacturer_Part_Number" originx="500" originy="250" style="Default" rotation="0" justify="lowerleft" flipped="False" hidden="False" data="KS DELLS1.22-JHKI-1" />
  </component>
</quadcept_library>
