<?xml version="1.0" encoding="utf-8"?>
<!--/577251/222442/2.47/3/4/Undefined or Miscellaneous/-->
<quadcept_library>
  <setting unit="mil" />
  <textstyle name="Default" height="47.244094488189" strokewidth="7.8740157480315" charwidth="47.244094488189" />
  <textstyle name="Dimension" height="19.6850393700787" strokewidth="0" charwidth="19.6850393700787" />
  <textstyle name="H127W0635TH00762" height="50" strokewidth="3" charwidth="25" />
  <textstyle name="H15W15TH02" height="59.0551181102362" strokewidth="7.8740157480315" charwidth="59.0551181102362" />
  <padstyle name="r510_250" surface="True" plated="False" isvia="False" nopaste="False" nomask="True" complex="False" holesize="0">
    <padshape layer="TOP" shape="rectangle" width="98.425196850392" height="200.7874015748" />
    <padshape layer="TOP_SOLDER_PASTE" shape="rectangle" width="98.425196850392" height="200.7874015748" />
  </padstyle>
  <padstyle name="c1780" surface="True" plated="False" isvia="False" nopaste="False" nomask="True" complex="False" holesize="0">
    <padshape layer="TOP" shape="round" width="700.78740157479" height="700.78740157479" />
    <padshape layer="TOP_SOLDER_PASTE" shape="round" width="700.78740157479" height="700.78740157479" />
  </padstyle>
  <footprint name="BATHLD001" originx="0" originy="0" pickpointx="0" pickpointy="0">
    <pcbpin number="1" name="1" style="r510_250" originx="450.7874015748" originy="0" rotation="0" />
    <pcbpin number="2" name="2" style="r510_250" originx="-450.7874015748" originy="0" rotation="0" />
    <pcbpin number="3" name="3" style="c1780" originx="0" originy="0" rotation="90" />
    <line layer="TOP_ASSEMBLY" originx="-415.35433070866" originy="305.11811023622" endx="415.35433070866" endy="305.11811023622" width="7.8740157480314" />
    <line layer="TOP_ASSEMBLY" originx="415.35433070866" originy="305.11811023622" endx="415.35433070866" endy="-305.11811023622" width="7.8740157480314" />
    <line layer="TOP_ASSEMBLY" originx="415.35433070866" originy="-305.11811023622" endx="-415.35433070866" endy="-305.11811023622" width="7.8740157480314" />
    <line layer="TOP_ASSEMBLY" originx="-415.35433070866" originy="-305.11811023622" endx="-415.35433070866" endy="305.11811023622" width="7.8740157480314" />
    <line layer="TOP_PLACE_BOUND" originx="-539.37007874015" originy="389.76377952755" endx="539.37007874015" endy="389.76377952755" width="3.9370078740157" />
    <line layer="TOP_PLACE_BOUND" originx="539.37007874015" originy="389.76377952755" endx="539.37007874015" endy="-389.76377952755" width="3.9370078740157" />
    <line layer="TOP_PLACE_BOUND" originx="539.37007874015" originy="-389.76377952755" endx="-539.37007874015" endy="-389.76377952755" width="3.9370078740157" />
    <line layer="TOP_PLACE_BOUND" originx="-539.37007874015" originy="-389.76377952755" endx="-539.37007874015" endy="389.76377952755" width="3.9370078740157" />
    <line layer="TOP_SILKSCREEN" originx="-415.35433070866" originy="118.11023622047" endx="-415.35433070866" endy="305.11811023622" width="3.9370078740157" />
    <line layer="TOP_SILKSCREEN" originx="-415.35433070866" originy="305.11811023622" endx="-196.85039370078" endy="305.11811023622" width="3.9370078740157" />
    <line layer="TOP_SILKSCREEN" originx="-415.35433070866" originy="-118.11023622047" endx="-415.35433070866" endy="-305.11811023622" width="3.9370078740157" />
    <line layer="TOP_SILKSCREEN" originx="-415.35433070866" originy="-305.11811023622" endx="-216.53543307086" endy="-305.11811023622" width="3.9370078740157" />
    <line layer="TOP_SILKSCREEN" originx="196.85039370078" originy="305.11811023622" endx="415.35433070866" endy="305.11811023622" width="3.9370078740157" />
    <line layer="TOP_SILKSCREEN" originx="415.35433070866" originy="305.11811023622" endx="415.35433070866" endy="118.11023622047" width="3.9370078740157" />
    <line layer="TOP_SILKSCREEN" originx="196.85039370078" originy="-305.11811023622" endx="415.35433070866" endy="-305.11811023622" width="3.9370078740157" />
    <line layer="TOP_SILKSCREEN" originx="415.35433070866" originy="-305.11811023622" endx="415.35433070866" endy="-118.11023622047" width="3.9370078740157" />
  </footprint>
  <symbol name="BAT-HLD-001" originx="0" originy="0">
    <line originx="200" originy="100" endx="600" endy="100" width="10" />
    <line originx="600" originy="-300" endx="600" endy="100" width="10" />
    <line originx="600" originy="-300" endx="200" endy="-300" width="10" />
    <line originx="200" originy="100" endx="200" endy="-300" width="10" />
    <sympin number="1" originx="200" originy="-200" rotation="180" length="100" width="7.8740157480315" flipped="False">
      <text name="pinname" originx="230" originy="-200" style="Default" rotation="0" justify="left" flipped="False" hidden="False" data="1" />
      <text name="pindes" originx="140" originy="-180" style="Default" rotation="0" justify="lowerright" flipped="False" hidden="False" data="1" />
    </sympin>
    <sympin number="2" originx="200" originy="0" rotation="180" length="100" width="7.8740157480315" flipped="False">
      <text name="pinname" originx="230" originy="0" style="Default" rotation="0" justify="left" flipped="False" hidden="False" data="2" />
      <text name="pindes" originx="140" originy="20" style="Default" rotation="0" justify="lowerright" flipped="False" hidden="False" data="2" />
    </sympin>
    <sympin number="3" originx="200" originy="-100" rotation="180" length="100" width="7.8740157480315" flipped="False">
      <text name="pinname" originx="230" originy="-100" style="Default" rotation="0" justify="left" flipped="False" hidden="False" data="3" />
      <text name="pindes" originx="140" originy="-80" style="Default" rotation="0" justify="lowerright" flipped="False" hidden="False" data="3" />
    </sympin>
  </symbol>
  <component name="BAT-HLD-001" designatorprefix="U" height="157.48031496063" footprint="BATHLD001">
    <comppin designator="1" sympin="1" pinswap="0" gateswap="0" gate="1" group="1" side="" type="Any" name="1" />
    <comppin designator="2" sympin="2" pinswap="0" gateswap="0" gate="1" group="1" side="" type="Any" name="2" />
    <comppin designator="3" sympin="3" pinswap="0" gateswap="0" gate="1" group="1" side="" type="Any" name="3" />
    <attached_symbol gate="1" name="BAT-HLD-001" />
    <pinmap designator="1" footprintpin="1" />
    <pinmap designator="2" footprintpin="2" />
    <pinmap designator="3" footprintpin="3" />
    <text name="Datasheet" originx="0" originy="0" style="Default" rotation="0" justify="" flipped="False" hidden="True" data="" />
    <text name="Description" originx="0" originy="0" style="Default" rotation="0" justify="" flipped="False" hidden="True" data="Coin Cell Battery Holders Linx CR2032 Battery Holder" />
    <text name="Mouser Part Number" originx="0" originy="0" style="Default" rotation="0" justify="" flipped="False" hidden="True" data="712-BAT-HLD-001" />
    <text name="Mouser Price/Stock" originx="0" originy="0" style="Default" rotation="0" justify="" flipped="False" hidden="True" data="https://www.mouser.co.uk/ProductDetail/Linx-Technologies/BAT-HLD-001?qs=K5ta8V%252BWhta7hbVGfm4dqA%3D%3D" />
    <text name="Manufacturer_Name" originx="0" originy="0" style="Default" rotation="0" justify="" flipped="False" hidden="True" data="Linx Technologies" />
    <text name="Manufacturer_Part_Number" originx="650" originy="200" style="Default" rotation="0" justify="left" flipped="False" hidden="False" data="BAT-HLD-001" />
  </component>
</quadcept_library>
